sequence_index,institutional_label,folio_id,child_oid,canvas_id,width_px,height_px,image_service_id,image_info_url,image_url,catalog_child_url,folio_status,notes
1,[Front cover],,1006074,https://collections.library.yale.edu/manifests/oid/2002046/canvas/1006074,2931,3865,https://collections.library.yale.edu/iiif/2/1006074,https://collections.library.yale.edu/iiif/2/1006074/info.json,https://collections.library.yale.edu/iiif/2/1006074/full/full/0/default.jpg,https://collections.library.yale.edu/catalog/2002046?child_oid=1006074,unresolved,Institutional label retained verbatim; folio mapping not inferred.
2,[Inside front cover],,1006075,https://collections.library.yale.edu/manifests/oid/2002046/canvas/1006075,2812,3797,https://collections.library.yale.edu/iiif/2/1006075,https://collections.library.yale.edu/iiif/2/1006075/info.json,https://collections.library.yale.edu/iiif/2/1006075/full/full/0/default.jpg,https://collections.library.yale.edu/catalog/2002046?child_oid=1006075,unresolved,Institutional label retained verbatim; folio mapping not inferred.
3,1r,,1006076,https://collections.library.yale.edu/manifests/oid/2002046/canvas/1006076,2972,3766,https://collections.library.yale.edu/iiif/2/1006076,https://collections.library.yale.edu/iiif/2/1006076/info.json,https://collections.library.yale.edu/iiif/2/1006076/full/full/0/default.jpg,https://collections.library.yale.edu/catalog/2002046?child_oid=1006076,unresolved,Institutional label retained verbatim; folio mapping not inferred.
4,1v,,1006077,https://collections.library.yale.edu/manifests/oid/2002046/canvas/1006077,2804,3797,https://collections.library.yale.edu/iiif/2/1006077,https://collections.library.yale.edu/iiif/2/1006077/info.json,https://collections.library.yale.edu/iiif/2/1006077/full/full/0/default.jpg,https://collections.library.yale.edu/catalog/2002046?child_oid=1006077,unresolved,Institutional label retained verbatim; folio mapping not inferred.
5,2r,,1006078,https://collections.library.yale.edu/manifests/oid/2002046/canvas/1006078,2691,3770,https://collections.library.yale.edu/iiif/2/1006078,https://collections.library.yale.edu/iiif/2/1006078/info.json,https://collections.library.yale.edu/iiif/2/1006078/full/full/0/default.jpg,https://collections.library.yale.edu/catalog/2002046?child_oid=1006078,unresolved,Institutional label retained verbatim; folio mapping not inferred.
6,2v,,1006079,https://collections.library.yale.edu/manifests/oid/2002046/canvas/1006079,2771,3797,https://collections.library.yale.edu/iiif/2/1006079,https://collections.library.yale.edu/iiif/2/1006079/info.json,https://collections.library.yale.edu/iiif/2/1006079/full/full/0/default.jpg,https://collections.library.yale.edu/catalog/2002046?child_oid=1006079,unresolved,Institutional label retained verbatim; folio mapping not inferred.
7,3r,,1006080,https://collections.library.yale.edu/manifests/oid/2002046/canvas/1006080,2691,3770,https://collections.library.yale.edu/iiif/2/1006080,https://collections.library.yale.edu/iiif/2/1006080/info.json,https://collections.library.yale.edu/iiif/2/1006080/full/full/0/default.jpg,https://collections.library.yale.edu/catalog/2002046?child_oid=1006080,unresolved,Institutional label retained verbatim; folio mapping not inferred.
8,3v,,1006081,https://collections.library.yale.edu/manifests/oid/2002046/canvas/1006081,2762,3797,https://collections.library.yale.edu/iiif/2/1006081,https://collections.library.yale.edu/iiif/2/1006081/info.json,https://collections.library.yale.edu/iiif/2/1006081/full/full/0/default.jpg,https://collections.library.yale.edu/catalog/2002046?child_oid=1006081,unresolved,Institutional label retained verbatim; folio mapping not inferred.
9,4r,,1006082,https://collections.library.yale.edu/manifests/oid/2002046/canvas/1006082,2682,3740,https://collections.library.yale.edu/iiif/2/1006082,https://collections.library.yale.edu/iiif/2/1006082/info.json,https://collections.library.yale.edu/iiif/2/1006082/full/full/0/default.jpg,https://collections.library.yale.edu/catalog/2002046?child_oid=1006082,unresolved,Institutional label retained verbatim; folio mapping not inferred.
10,4v,,1006083,https://collections.library.yale.edu/manifests/oid/2002046/canvas/1006083,2768,3797,https://collections.library.yale.edu/iiif/2/1006083,https://collections.library.yale.edu/iiif/2/1006083/info.json,https://collections.library.yale.edu/iiif/2/1006083/full/full/0/default.jpg,https://collections.library.yale.edu/catalog/2002046?child_oid=1006083,unresolved,Institutional label retained verbatim; folio mapping not inferred.
11,5r,,1006084,https://collections.library.yale.edu/manifests/oid/2002046/canvas/1006084,2636,3723,https://collections.library.yale.edu/iiif/2/1006084,https://collections.library.yale.edu/iiif/2/1006084/info.json,https://collections.library.yale.edu/iiif/2/1006084/full/full/0/default.jpg,https://collections.library.yale.edu/catalog/2002046?child_oid=1006084,unresolved,Institutional label retained verbatim; folio mapping not inferred.
12,5v,,1006085,https://collections.library.yale.edu/manifests/oid/2002046/canvas/1006085,2759,3797,https://collections.library.yale.edu/iiif/2/1006085,https://collections.library.yale.edu/iiif/2/1006085/info.json,https://collections.library.yale.edu/iiif/2/1006085/full/full/0/default.jpg,https://collections.library.yale.edu/catalog/2002046?child_oid=1006085,unresolved,Institutional label retained verbatim; folio mapping not inferred.
13,6r,,1006086,https://collections.library.yale.edu/manifests/oid/2002046/canvas/1006086,2662,3727,https://collections.library.yale.edu/iiif/2/1006086,https://collections.library.yale.edu/iiif/2/1006086/info.json,https://collections.library.yale.edu/iiif/2/1006086/full/full/0/default.jpg,https://collections.library.yale.edu/catalog/2002046?child_oid=1006086,unresolved,Institutional label retained verbatim; folio mapping not inferred.
14,6v,,1006087,https://collections.library.yale.edu/manifests/oid/2002046/canvas/1006087,2753,3797,https://collections.library.yale.edu/iiif/2/1006087,https://collections.library.yale.edu/iiif/2/1006087/info.json,https://collections.library.yale.edu/iiif/2/1006087/full/full/0/default.jpg,https://collections.library.yale.edu/catalog/2002046?child_oid=1006087,unresolved,Institutional label retained verbatim; folio mapping not inferred.
15,7r,,1006088,https://collections.library.yale.edu/manifests/oid/2002046/canvas/1006088,2656,3721,https://collections.library.yale.edu/iiif/2/1006088,https://collections.library.yale.edu/iiif/2/1006088/info.json,https://collections.library.yale.edu/iiif/2/1006088/full/full/0/default.jpg,https://collections.library.yale.edu/catalog/2002046?child_oid=1006088,unresolved,Institutional label retained verbatim; folio mapping not inferred.
16,7v,,1006089,https://collections.library.yale.edu/manifests/oid/2002046/canvas/1006089,2806,3797,https://collections.library.yale.edu/iiif/2/1006089,https://collections.library.yale.edu/iiif/2/1006089/info.json,https://collections.library.yale.edu/iiif/2/1006089/full/full/0/default.jpg,https://collections.library.yale.edu/catalog/2002046?child_oid=1006089,unresolved,Institutional label retained verbatim; folio mapping not inferred.
17,8r,,1006090,https://collections.library.yale.edu/manifests/oid/2002046/canvas/1006090,2660,3719,https://collections.library.yale.edu/iiif/2/1006090,https://collections.library.yale.edu/iiif/2/1006090/info.json,https://collections.library.yale.edu/iiif/2/1006090/full/full/0/default.jpg,https://collections.library.yale.edu/catalog/2002046?child_oid=1006090,unresolved,Institutional label retained verbatim; folio mapping not inferred.
18,8v,,1006091,https://collections.library.yale.edu/manifests/oid/2002046/canvas/1006091,2791,3797,https://collections.library.yale.edu/iiif/2/1006091,https://collections.library.yale.edu/iiif/2/1006091/info.json,https://collections.library.yale.edu/iiif/2/1006091/full/full/0/default.jpg,https://collections.library.yale.edu/catalog/2002046?child_oid=1006091,unresolved,Institutional label retained verbatim; folio mapping not inferred.
19,9r,,1006092,https://collections.library.yale.edu/manifests/oid/2002046/canvas/1006092,2691,3737,https://collections.library.yale.edu/iiif/2/1006092,https://collections.library.yale.edu/iiif/2/1006092/info.json,https://collections.library.yale.edu/iiif/2/1006092/full/full/0/default.jpg,https://collections.library.yale.edu/catalog/2002046?child_oid=1006092,unresolved,Institutional label retained verbatim; folio mapping not inferred.
20,9v,,1006093,https://collections.library.yale.edu/manifests/oid/2002046/canvas/1006093,2812,3797,https://collections.library.yale.edu/iiif/2/1006093,https://collections.library.yale.edu/iiif/2/1006093/info.json,https://collections.library.yale.edu/iiif/2/1006093/full/full/0/default.jpg,https://collections.library.yale.edu/catalog/2002046?child_oid=1006093,unresolved,Institutional label retained verbatim; folio mapping not inferred.
21,10r,,1006094,https://collections.library.yale.edu/manifests/oid/2002046/canvas/1006094,2691,3739,https://collections.library.yale.edu/iiif/2/1006094,https://collections.library.yale.edu/iiif/2/1006094/info.json,https://collections.library.yale.edu/iiif/2/1006094/full/full/0/default.jpg,https://collections.library.yale.edu/catalog/2002046?child_oid=1006094,unresolved,Institutional label retained verbatim; folio mapping not inferred.
22,10v,,1006095,https://collections.library.yale.edu/manifests/oid/2002046/canvas/1006095,2839,3797,https://collections.library.yale.edu/iiif/2/1006095,https://collections.library.yale.edu/iiif/2/1006095/info.json,https://collections.library.yale.edu/iiif/2/1006095/full/full/0/default.jpg,https://collections.library.yale.edu/catalog/2002046?child_oid=1006095,unresolved,Institutional label retained verbatim; folio mapping not inferred.
23,11r,,1006096,https://collections.library.yale.edu/manifests/oid/2002046/canvas/1006096,2672,3744,https://collections.library.yale.edu/iiif/2/1006096,https://collections.library.yale.edu/iiif/2/1006096/info.json,https://collections.library.yale.edu/iiif/2/1006096/full/full/0/default.jpg,https://collections.library.yale.edu/catalog/2002046?child_oid=1006096,unresolved,Institutional label retained verbatim; folio mapping not inferred.
24,11v,,1006097,https://collections.library.yale.edu/manifests/oid/2002046/canvas/1006097,2825,3775,https://collections.library.yale.edu/iiif/2/1006097,https://collections.library.yale.edu/iiif/2/1006097/info.json,https://collections.library.yale.edu/iiif/2/1006097/full/full/0/default.jpg,https://collections.library.yale.edu/catalog/2002046?child_oid=1006097,unresolved,Institutional label retained verbatim; folio mapping not inferred.
25,13r,,1006098,https://collections.library.yale.edu/manifests/oid/2002046/canvas/1006098,2601,3723,https://collections.library.yale.edu/iiif/2/1006098,https://collections.library.yale.edu/iiif/2/1006098/info.json,https://collections.library.yale.edu/iiif/2/1006098/full/full/0/default.jpg,https://collections.library.yale.edu/catalog/2002046?child_oid=1006098,unresolved,Institutional label retained verbatim; folio mapping not inferred.
26,13v,,1006099,https://collections.library.yale.edu/manifests/oid/2002046/canvas/1006099,2812,3770,https://collections.library.yale.edu/iiif/2/1006099,https://collections.library.yale.edu/iiif/2/1006099/info.json,https://collections.library.yale.edu/iiif/2/1006099/full/full/0/default.jpg,https://collections.library.yale.edu/catalog/2002046?child_oid=1006099,unresolved,Institutional label retained verbatim; folio mapping not inferred.
27,14r,,1006100,https://collections.library.yale.edu/manifests/oid/2002046/canvas/1006100,2662,3739,https://collections.library.yale.edu/iiif/2/1006100,https://collections.library.yale.edu/iiif/2/1006100/info.json,https://collections.library.yale.edu/iiif/2/1006100/full/full/0/default.jpg,https://collections.library.yale.edu/catalog/2002046?child_oid=1006100,unresolved,Institutional label retained verbatim; folio mapping not inferred.
28,14v,,1006101,https://collections.library.yale.edu/manifests/oid/2002046/canvas/1006101,2812,3772,https://collections.library.yale.edu/iiif/2/1006101,https://collections.library.yale.edu/iiif/2/1006101/info.json,https://collections.library.yale.edu/iiif/2/1006101/full/full/0/default.jpg,https://collections.library.yale.edu/catalog/2002046?child_oid=1006101,unresolved,Institutional label retained verbatim; folio mapping not inferred.
29,15r,,1006102,https://collections.library.yale.edu/manifests/oid/2002046/canvas/1006102,2648,3729,https://collections.library.yale.edu/iiif/2/1006102,https://collections.library.yale.edu/iiif/2/1006102/info.json,https://collections.library.yale.edu/iiif/2/1006102/full/full/0/default.jpg,https://collections.library.yale.edu/catalog/2002046?child_oid=1006102,unresolved,Institutional label retained verbatim; folio mapping not inferred.
30,15v,,1006103,https://collections.library.yale.edu/manifests/oid/2002046/canvas/1006103,2835,3776,https://collections.library.yale.edu/iiif/2/1006103,https://collections.library.yale.edu/iiif/2/1006103/info.json,https://collections.library.yale.edu/iiif/2/1006103/full/full/0/default.jpg,https://collections.library.yale.edu/catalog/2002046?child_oid=1006103,unresolved,Institutional label retained verbatim; folio mapping not inferred.
31,16r,,1006104,https://collections.library.yale.edu/manifests/oid/2002046/canvas/1006104,2658,3758,https://collections.library.yale.edu/iiif/2/1006104,https://collections.library.yale.edu/iiif/2/1006104/info.json,https://collections.library.yale.edu/iiif/2/1006104/full/full/0/default.jpg,https://collections.library.yale.edu/catalog/2002046?child_oid=1006104,unresolved,Institutional label retained verbatim; folio mapping not inferred.
32,16v,,1006105,https://collections.library.yale.edu/manifests/oid/2002046/canvas/1006105,2840,3793,https://collections.library.yale.edu/iiif/2/1006105,https://collections.library.yale.edu/iiif/2/1006105/info.json,https://collections.library.yale.edu/iiif/2/1006105/full/full/0/default.jpg,https://collections.library.yale.edu/catalog/2002046?child_oid=1006105,unresolved,Institutional label retained verbatim; folio mapping not inferred.
33,17r,,1006106,https://collections.library.yale.edu/manifests/oid/2002046/canvas/1006106,2649,3743,https://collections.library.yale.edu/iiif/2/1006106,https://collections.library.yale.edu/iiif/2/1006106/info.json,https://collections.library.yale.edu/iiif/2/1006106/full/full/0/default.jpg,https://collections.library.yale.edu/catalog/2002046?child_oid=1006106,unresolved,Institutional label retained verbatim; folio mapping not inferred.
34,17v,,1006107,https://collections.library.yale.edu/manifests/oid/2002046/canvas/1006107,2843,3775,https://collections.library.yale.edu/iiif/2/1006107,https://collections.library.yale.edu/iiif/2/1006107/info.json,https://collections.library.yale.edu/iiif/2/1006107/full/full/0/default.jpg,https://collections.library.yale.edu/catalog/2002046?child_oid=1006107,unresolved,Institutional label retained verbatim; folio mapping not inferred.
35,18r,,1006108,https://collections.library.yale.edu/manifests/oid/2002046/canvas/1006108,2649,3743,https://collections.library.yale.edu/iiif/2/1006108,https://collections.library.yale.edu/iiif/2/1006108/info.json,https://collections.library.yale.edu/iiif/2/1006108/full/full/0/default.jpg,https://collections.library.yale.edu/catalog/2002046?child_oid=1006108,unresolved,Institutional label retained verbatim; folio mapping not inferred.
36,18v,,1006109,https://collections.library.yale.edu/manifests/oid/2002046/canvas/1006109,2846,3781,https://collections.library.yale.edu/iiif/2/1006109,https://collections.library.yale.edu/iiif/2/1006109/info.json,https://collections.library.yale.edu/iiif/2/1006109/full/full/0/default.jpg,https://collections.library.yale.edu/catalog/2002046?child_oid=1006109,unresolved,Institutional label retained verbatim; folio mapping not inferred.
37,19r,,1006110,https://collections.library.yale.edu/manifests/oid/2002046/canvas/1006110,2649,3743,https://collections.library.yale.edu/iiif/2/1006110,https://collections.library.yale.edu/iiif/2/1006110/info.json,https://collections.library.yale.edu/iiif/2/1006110/full/full/0/default.jpg,https://collections.library.yale.edu/catalog/2002046?child_oid=1006110,unresolved,Institutional label retained verbatim; folio mapping not inferred.
38,19v,,1006111,https://collections.library.yale.edu/manifests/oid/2002046/canvas/1006111,2849,3769,https://collections.library.yale.edu/iiif/2/1006111,https://collections.library.yale.edu/iiif/2/1006111/info.json,https://collections.library.yale.edu/iiif/2/1006111/full/full/0/default.jpg,https://collections.library.yale.edu/catalog/2002046?child_oid=1006111,unresolved,Institutional label retained verbatim; folio mapping not inferred.
39,20r,,1006112,https://collections.library.yale.edu/manifests/oid/2002046/canvas/1006112,2649,3743,https://collections.library.yale.edu/iiif/2/1006112,https://collections.library.yale.edu/iiif/2/1006112/info.json,https://collections.library.yale.edu/iiif/2/1006112/full/full/0/default.jpg,https://collections.library.yale.edu/catalog/2002046?child_oid=1006112,unresolved,Institutional label retained verbatim; folio mapping not inferred.
40,20v,,1006113,https://collections.library.yale.edu/manifests/oid/2002046/canvas/1006113,2849,3769,https://collections.library.yale.edu/iiif/2/1006113,https://collections.library.yale.edu/iiif/2/1006113/info.json,https://collections.library.yale.edu/iiif/2/1006113/full/full/0/default.jpg,https://collections.library.yale.edu/catalog/2002046?child_oid=1006113,unresolved,Institutional label retained verbatim; folio mapping not inferred.
41,21r,,1006114,https://collections.library.yale.edu/manifests/oid/2002046/canvas/1006114,2649,3743,https://collections.library.yale.edu/iiif/2/1006114,https://collections.library.yale.edu/iiif/2/1006114/info.json,https://collections.library.yale.edu/iiif/2/1006114/full/full/0/default.jpg,https://collections.library.yale.edu/catalog/2002046?child_oid=1006114,unresolved,Institutional label retained verbatim; folio mapping not inferred.
42,21v,,1006115,https://collections.library.yale.edu/manifests/oid/2002046/canvas/1006115,2849,3769,https://collections.library.yale.edu/iiif/2/1006115,https://collections.library.yale.edu/iiif/2/1006115/info.json,https://collections.library.yale.edu/iiif/2/1006115/full/full/0/default.jpg,https://collections.library.yale.edu/catalog/2002046?child_oid=1006115,unresolved,Institutional label retained verbatim; folio mapping not inferred.
43,22r,,1006116,https://collections.library.yale.edu/manifests/oid/2002046/canvas/1006116,2649,3743,https://collections.library.yale.edu/iiif/2/1006116,https://collections.library.yale.edu/iiif/2/1006116/info.json,https://collections.library.yale.edu/iiif/2/1006116/full/full/0/default.jpg,https://collections.library.yale.edu/catalog/2002046?child_oid=1006116,unresolved,Institutional label retained verbatim; folio mapping not inferred.
44,22v,,1006117,https://collections.library.yale.edu/manifests/oid/2002046/canvas/1006117,2849,3795,https://collections.library.yale.edu/iiif/2/1006117,https://collections.library.yale.edu/iiif/2/1006117/info.json,https://collections.library.yale.edu/iiif/2/1006117/full/full/0/default.jpg,https://collections.library.yale.edu/catalog/2002046?child_oid=1006117,unresolved,Institutional label retained verbatim; folio mapping not inferred.
45,23r,,1006118,https://collections.library.yale.edu/manifests/oid/2002046/canvas/1006118,2650,3705,https://collections.library.yale.edu/iiif/2/1006118,https://collections.library.yale.edu/iiif/2/1006118/info.json,https://collections.library.yale.edu/iiif/2/1006118/full/full/0/default.jpg,https://collections.library.yale.edu/catalog/2002046?child_oid=1006118,unresolved,Institutional label retained verbatim; folio mapping not inferred.
46,23v,,1006119,https://collections.library.yale.edu/manifests/oid/2002046/canvas/1006119,2849,3780,https://collections.library.yale.edu/iiif/2/1006119,https://collections.library.yale.edu/iiif/2/1006119/info.json,https://collections.library.yale.edu/iiif/2/1006119/full/full/0/default.jpg,https://collections.library.yale.edu/catalog/2002046?child_oid=1006119,unresolved,Institutional label retained verbatim; folio mapping not inferred.
47,24r,,1006120,https://collections.library.yale.edu/manifests/oid/2002046/canvas/1006120,2688,3719,https://collections.library.yale.edu/iiif/2/1006120,https://collections.library.yale.edu/iiif/2/1006120/info.json,https://collections.library.yale.edu/iiif/2/1006120/full/full/0/default.jpg,https://collections.library.yale.edu/catalog/2002046?child_oid=1006120,unresolved,Institutional label retained verbatim; folio mapping not inferred.
48,24v,,1006121,https://collections.library.yale.edu/manifests/oid/2002046/canvas/1006121,2864,3771,https://collections.library.yale.edu/iiif/2/1006121,https://collections.library.yale.edu/iiif/2/1006121/info.json,https://collections.library.yale.edu/iiif/2/1006121/full/full/0/default.jpg,https://collections.library.yale.edu/catalog/2002046?child_oid=1006121,unresolved,Institutional label retained verbatim; folio mapping not inferred.
49,25r,,1006122,https://collections.library.yale.edu/manifests/oid/2002046/canvas/1006122,2709,3743,https://collections.library.yale.edu/iiif/2/1006122,https://collections.library.yale.edu/iiif/2/1006122/info.json,https://collections.library.yale.edu/iiif/2/1006122/full/full/0/default.jpg,https://collections.library.yale.edu/catalog/2002046?child_oid=1006122,unresolved,Institutional label retained verbatim; folio mapping not inferred.
50,25v,,1006123,https://collections.library.yale.edu/manifests/oid/2002046/canvas/1006123,2863,3769,https://collections.library.yale.edu/iiif/2/1006123,https://collections.library.yale.edu/iiif/2/1006123/info.json,https://collections.library.yale.edu/iiif/2/1006123/full/full/0/default.jpg,https://collections.library.yale.edu/catalog/2002046?child_oid=1006123,unresolved,Institutional label retained verbatim; folio mapping not inferred.
51,26r,,1006124,https://collections.library.yale.edu/manifests/oid/2002046/canvas/1006124,2727,3743,https://collections.library.yale.edu/iiif/2/1006124,https://collections.library.yale.edu/iiif/2/1006124/info.json,https://collections.library.yale.edu/iiif/2/1006124/full/full/0/default.jpg,https://collections.library.yale.edu/catalog/2002046?child_oid=1006124,unresolved,Institutional label retained verbatim; folio mapping not inferred.
52,26v,,1006125,https://collections.library.yale.edu/manifests/oid/2002046/canvas/1006125,2849,3769,https://collections.library.yale.edu/iiif/2/1006125,https://collections.library.yale.edu/iiif/2/1006125/info.json,https://collections.library.yale.edu/iiif/2/1006125/full/full/0/default.jpg,https://collections.library.yale.edu/catalog/2002046?child_oid=1006125,unresolved,Institutional label retained verbatim; folio mapping not inferred.
53,27r,,1006126,https://collections.library.yale.edu/manifests/oid/2002046/canvas/1006126,2708,3743,https://collections.library.yale.edu/iiif/2/1006126,https://collections.library.yale.edu/iiif/2/1006126/info.json,https://collections.library.yale.edu/iiif/2/1006126/full/full/0/default.jpg,https://collections.library.yale.edu/catalog/2002046?child_oid=1006126,unresolved,Institutional label retained verbatim; folio mapping not inferred.
54,27v,,1006127,https://collections.library.yale.edu/manifests/oid/2002046/canvas/1006127,2849,3769,https://collections.library.yale.edu/iiif/2/1006127,https://collections.library.yale.edu/iiif/2/1006127/info.json,https://collections.library.yale.edu/iiif/2/1006127/full/full/0/default.jpg,https://collections.library.yale.edu/catalog/2002046?child_oid=1006127,unresolved,Institutional label retained verbatim; folio mapping not inferred.
55,28r,,1006128,https://collections.library.yale.edu/manifests/oid/2002046/canvas/1006128,2727,3743,https://collections.library.yale.edu/iiif/2/1006128,https://collections.library.yale.edu/iiif/2/1006128/info.json,https://collections.library.yale.edu/iiif/2/1006128/full/full/0/default.jpg,https://collections.library.yale.edu/catalog/2002046?child_oid=1006128,unresolved,Institutional label retained verbatim; folio mapping not inferred.
56,28v,,1006129,https://collections.library.yale.edu/manifests/oid/2002046/canvas/1006129,2885,3780,https://collections.library.yale.edu/iiif/2/1006129,https://collections.library.yale.edu/iiif/2/1006129/info.json,https://collections.library.yale.edu/iiif/2/1006129/full/full/0/default.jpg,https://collections.library.yale.edu/catalog/2002046?child_oid=1006129,unresolved,Institutional label retained verbatim; folio mapping not inferred.
57,29r,,1006130,https://collections.library.yale.edu/manifests/oid/2002046/canvas/1006130,2718,3743,https://collections.library.yale.edu/iiif/2/1006130,https://collections.library.yale.edu/iiif/2/1006130/info.json,https://collections.library.yale.edu/iiif/2/1006130/full/full/0/default.jpg,https://collections.library.yale.edu/catalog/2002046?child_oid=1006130,unresolved,Institutional label retained verbatim; folio mapping not inferred.
58,29v,,1006131,https://collections.library.yale.edu/manifests/oid/2002046/canvas/1006131,2876,3777,https://collections.library.yale.edu/iiif/2/1006131,https://collections.library.yale.edu/iiif/2/1006131/info.json,https://collections.library.yale.edu/iiif/2/1006131/full/full/0/default.jpg,https://collections.library.yale.edu/catalog/2002046?child_oid=1006131,unresolved,Institutional label retained verbatim; folio mapping not inferred.
59,30r,,1006132,https://collections.library.yale.edu/manifests/oid/2002046/canvas/1006132,2742,3743,https://collections.library.yale.edu/iiif/2/1006132,https://collections.library.yale.edu/iiif/2/1006132/info.json,https://collections.library.yale.edu/iiif/2/1006132/full/full/0/default.jpg,https://collections.library.yale.edu/catalog/2002046?child_oid=1006132,unresolved,Institutional label retained verbatim; folio mapping not inferred.
60,30v,,1006133,https://collections.library.yale.edu/manifests/oid/2002046/canvas/1006133,2849,3769,https://collections.library.yale.edu/iiif/2/1006133,https://collections.library.yale.edu/iiif/2/1006133/info.json,https://collections.library.yale.edu/iiif/2/1006133/full/full/0/default.jpg,https://collections.library.yale.edu/catalog/2002046?child_oid=1006133,unresolved,Institutional label retained verbatim; folio mapping not inferred.
61,31r,,1006134,https://collections.library.yale.edu/manifests/oid/2002046/canvas/1006134,2717,3743,https://collections.library.yale.edu/iiif/2/1006134,https://collections.library.yale.edu/iiif/2/1006134/info.json,https://collections.library.yale.edu/iiif/2/1006134/full/full/0/default.jpg,https://collections.library.yale.edu/catalog/2002046?child_oid=1006134,unresolved,Institutional label retained verbatim; folio mapping not inferred.
62,31v,,1006135,https://collections.library.yale.edu/manifests/oid/2002046/canvas/1006135,2849,3769,https://collections.library.yale.edu/iiif/2/1006135,https://collections.library.yale.edu/iiif/2/1006135/info.json,https://collections.library.yale.edu/iiif/2/1006135/full/full/0/default.jpg,https://collections.library.yale.edu/catalog/2002046?child_oid=1006135,unresolved,Institutional label retained verbatim; folio mapping not inferred.
63,32r,,1006136,https://collections.library.yale.edu/manifests/oid/2002046/canvas/1006136,2734,3731,https://collections.library.yale.edu/iiif/2/1006136,https://collections.library.yale.edu/iiif/2/1006136/info.json,https://collections.library.yale.edu/iiif/2/1006136/full/full/0/default.jpg,https://collections.library.yale.edu/catalog/2002046?child_oid=1006136,unresolved,Institutional label retained verbatim; folio mapping not inferred.
64,32v,,1006137,https://collections.library.yale.edu/manifests/oid/2002046/canvas/1006137,2849,3769,https://collections.library.yale.edu/iiif/2/1006137,https://collections.library.yale.edu/iiif/2/1006137/info.json,https://collections.library.yale.edu/iiif/2/1006137/full/full/0/default.jpg,https://collections.library.yale.edu/catalog/2002046?child_oid=1006137,unresolved,Institutional label retained verbatim; folio mapping not inferred.
65,33r,,1006138,https://collections.library.yale.edu/manifests/oid/2002046/canvas/1006138,2766,3743,https://collections.library.yale.edu/iiif/2/1006138,https://collections.library.yale.edu/iiif/2/1006138/info.json,https://collections.library.yale.edu/iiif/2/1006138/full/full/0/default.jpg,https://collections.library.yale.edu/catalog/2002046?child_oid=1006138,unresolved,Institutional label retained verbatim; folio mapping not inferred.
66,33v,,1006139,https://collections.library.yale.edu/manifests/oid/2002046/canvas/1006139,2871,3769,https://collections.library.yale.edu/iiif/2/1006139,https://collections.library.yale.edu/iiif/2/1006139/info.json,https://collections.library.yale.edu/iiif/2/1006139/full/full/0/default.jpg,https://collections.library.yale.edu/catalog/2002046?child_oid=1006139,unresolved,Institutional label retained verbatim; folio mapping not inferred.
67,34r,,1006140,https://collections.library.yale.edu/manifests/oid/2002046/canvas/1006140,2777,3743,https://collections.library.yale.edu/iiif/2/1006140,https://collections.library.yale.edu/iiif/2/1006140/info.json,https://collections.library.yale.edu/iiif/2/1006140/full/full/0/default.jpg,https://collections.library.yale.edu/catalog/2002046?child_oid=1006140,unresolved,Institutional label retained verbatim; folio mapping not inferred.
68,34v,,1006141,https://collections.library.yale.edu/manifests/oid/2002046/canvas/1006141,2881,3787,https://collections.library.yale.edu/iiif/2/1006141,https://collections.library.yale.edu/iiif/2/1006141/info.json,https://collections.library.yale.edu/iiif/2/1006141/full/full/0/default.jpg,https://collections.library.yale.edu/catalog/2002046?child_oid=1006141,unresolved,Institutional label retained verbatim; folio mapping not inferred.
69,35r,,1006142,https://collections.library.yale.edu/manifests/oid/2002046/canvas/1006142,2793,3743,https://collections.library.yale.edu/iiif/2/1006142,https://collections.library.yale.edu/iiif/2/1006142/info.json,https://collections.library.yale.edu/iiif/2/1006142/full/full/0/default.jpg,https://collections.library.yale.edu/catalog/2002046?child_oid=1006142,unresolved,Institutional label retained verbatim; folio mapping not inferred.
70,35v,,1006143,https://collections.library.yale.edu/manifests/oid/2002046/canvas/1006143,2853,3769,https://collections.library.yale.edu/iiif/2/1006143,https://collections.library.yale.edu/iiif/2/1006143/info.json,https://collections.library.yale.edu/iiif/2/1006143/full/full/0/default.jpg,https://collections.library.yale.edu/catalog/2002046?child_oid=1006143,unresolved,Institutional label retained verbatim; folio mapping not inferred.
71,36r,,1006144,https://collections.library.yale.edu/manifests/oid/2002046/canvas/1006144,2793,3743,https://collections.library.yale.edu/iiif/2/1006144,https://collections.library.yale.edu/iiif/2/1006144/info.json,https://collections.library.yale.edu/iiif/2/1006144/full/full/0/default.jpg,https://collections.library.yale.edu/catalog/2002046?child_oid=1006144,unresolved,Institutional label retained verbatim; folio mapping not inferred.
72,36v,,1006145,https://collections.library.yale.edu/manifests/oid/2002046/canvas/1006145,2849,3769,https://collections.library.yale.edu/iiif/2/1006145,https://collections.library.yale.edu/iiif/2/1006145/info.json,https://collections.library.yale.edu/iiif/2/1006145/full/full/0/default.jpg,https://collections.library.yale.edu/catalog/2002046?child_oid=1006145,unresolved,Institutional label retained verbatim; folio mapping not inferred.
73,37r,,1006146,https://collections.library.yale.edu/manifests/oid/2002046/canvas/1006146,2793,3743,https://collections.library.yale.edu/iiif/2/1006146,https://collections.library.yale.edu/iiif/2/1006146/info.json,https://collections.library.yale.edu/iiif/2/1006146/full/full/0/default.jpg,https://collections.library.yale.edu/catalog/2002046?child_oid=1006146,unresolved,Institutional label retained verbatim; folio mapping not inferred.
74,37v,,1006147,https://collections.library.yale.edu/manifests/oid/2002046/canvas/1006147,2882,3769,https://collections.library.yale.edu/iiif/2/1006147,https://collections.library.yale.edu/iiif/2/1006147/info.json,https://collections.library.yale.edu/iiif/2/1006147/full/full/0/default.jpg,https://collections.library.yale.edu/catalog/2002046?child_oid=1006147,unresolved,Institutional label retained verbatim; folio mapping not inferred.
75,38r,,1006148,https://collections.library.yale.edu/manifests/oid/2002046/canvas/1006148,2793,3743,https://collections.library.yale.edu/iiif/2/1006148,https://collections.library.yale.edu/iiif/2/1006148/info.json,https://collections.library.yale.edu/iiif/2/1006148/full/full/0/default.jpg,https://collections.library.yale.edu/catalog/2002046?child_oid=1006148,unresolved,Institutional label retained verbatim; folio mapping not inferred.
76,38v,,1006149,https://collections.library.yale.edu/manifests/oid/2002046/canvas/1006149,2882,3769,https://collections.library.yale.edu/iiif/2/1006149,https://collections.library.yale.edu/iiif/2/1006149/info.json,https://collections.library.yale.edu/iiif/2/1006149/full/full/0/default.jpg,https://collections.library.yale.edu/catalog/2002046?child_oid=1006149,unresolved,Institutional label retained verbatim; folio mapping not inferred.
77,39r,,1006150,https://collections.library.yale.edu/manifests/oid/2002046/canvas/1006150,2793,3743,https://collections.library.yale.edu/iiif/2/1006150,https://collections.library.yale.edu/iiif/2/1006150/info.json,https://collections.library.yale.edu/iiif/2/1006150/full/full/0/default.jpg,https://collections.library.yale.edu/catalog/2002046?child_oid=1006150,unresolved,Institutional label retained verbatim; folio mapping not inferred.
78,39v,,1006151,https://collections.library.yale.edu/manifests/oid/2002046/canvas/1006151,2882,3769,https://collections.library.yale.edu/iiif/2/1006151,https://collections.library.yale.edu/iiif/2/1006151/info.json,https://collections.library.yale.edu/iiif/2/1006151/full/full/0/default.jpg,https://collections.library.yale.edu/catalog/2002046?child_oid=1006151,unresolved,Institutional label retained verbatim; folio mapping not inferred.
79,40r,,1006152,https://collections.library.yale.edu/manifests/oid/2002046/canvas/1006152,2793,3734,https://collections.library.yale.edu/iiif/2/1006152,https://collections.library.yale.edu/iiif/2/1006152/info.json,https://collections.library.yale.edu/iiif/2/1006152/full/full/0/default.jpg,https://collections.library.yale.edu/catalog/2002046?child_oid=1006152,unresolved,Institutional label retained verbatim; folio mapping not inferred.
80,40v,,1006153,https://collections.library.yale.edu/manifests/oid/2002046/canvas/1006153,2882,3769,https://collections.library.yale.edu/iiif/2/1006153,https://collections.library.yale.edu/iiif/2/1006153/info.json,https://collections.library.yale.edu/iiif/2/1006153/full/full/0/default.jpg,https://collections.library.yale.edu/catalog/2002046?child_oid=1006153,unresolved,Institutional label retained verbatim; folio mapping not inferred.
81,41r,,1006154,https://collections.library.yale.edu/manifests/oid/2002046/canvas/1006154,2840,3743,https://collections.library.yale.edu/iiif/2/1006154,https://collections.library.yale.edu/iiif/2/1006154/info.json,https://collections.library.yale.edu/iiif/2/1006154/full/full/0/default.jpg,https://collections.library.yale.edu/catalog/2002046?child_oid=1006154,unresolved,Institutional label retained verbatim; folio mapping not inferred.
82,41v,,1006155,https://collections.library.yale.edu/manifests/oid/2002046/canvas/1006155,2882,3769,https://collections.library.yale.edu/iiif/2/1006155,https://collections.library.yale.edu/iiif/2/1006155/info.json,https://collections.library.yale.edu/iiif/2/1006155/full/full/0/default.jpg,https://collections.library.yale.edu/catalog/2002046?child_oid=1006155,unresolved,Institutional label retained verbatim; folio mapping not inferred.
83,42r,,1006156,https://collections.library.yale.edu/manifests/oid/2002046/canvas/1006156,2843,3743,https://collections.library.yale.edu/iiif/2/1006156,https://collections.library.yale.edu/iiif/2/1006156/info.json,https://collections.library.yale.edu/iiif/2/1006156/full/full/0/default.jpg,https://collections.library.yale.edu/catalog/2002046?child_oid=1006156,unresolved,Institutional label retained verbatim; folio mapping not inferred.
84,42v,,1006157,https://collections.library.yale.edu/manifests/oid/2002046/canvas/1006157,2882,3769,https://collections.library.yale.edu/iiif/2/1006157,https://collections.library.yale.edu/iiif/2/1006157/info.json,https://collections.library.yale.edu/iiif/2/1006157/full/full/0/default.jpg,https://collections.library.yale.edu/catalog/2002046?child_oid=1006157,unresolved,Institutional label retained verbatim; folio mapping not inferred.
85,43r,,1006158,https://collections.library.yale.edu/manifests/oid/2002046/canvas/1006158,2837,3751,https://collections.library.yale.edu/iiif/2/1006158,https://collections.library.yale.edu/iiif/2/1006158/info.json,https://collections.library.yale.edu/iiif/2/1006158/full/full/0/default.jpg,https://collections.library.yale.edu/catalog/2002046?child_oid=1006158,unresolved,Institutional label retained verbatim; folio mapping not inferred.
86,43v,,1006159,https://collections.library.yale.edu/manifests/oid/2002046/canvas/1006159,2882,3769,https://collections.library.yale.edu/iiif/2/1006159,https://collections.library.yale.edu/iiif/2/1006159/info.json,https://collections.library.yale.edu/iiif/2/1006159/full/full/0/default.jpg,https://collections.library.yale.edu/catalog/2002046?child_oid=1006159,unresolved,Institutional label retained verbatim; folio mapping not inferred.
87,44r,,1006160,https://collections.library.yale.edu/manifests/oid/2002046/canvas/1006160,2799,3728,https://collections.library.yale.edu/iiif/2/1006160,https://collections.library.yale.edu/iiif/2/1006160/info.json,https://collections.library.yale.edu/iiif/2/1006160/full/full/0/default.jpg,https://collections.library.yale.edu/catalog/2002046?child_oid=1006160,unresolved,Institutional label retained verbatim; folio mapping not inferred.
88,44v,,1006161,https://collections.library.yale.edu/manifests/oid/2002046/canvas/1006161,2882,3769,https://collections.library.yale.edu/iiif/2/1006161,https://collections.library.yale.edu/iiif/2/1006161/info.json,https://collections.library.yale.edu/iiif/2/1006161/full/full/0/default.jpg,https://collections.library.yale.edu/catalog/2002046?child_oid=1006161,unresolved,Institutional label retained verbatim; folio mapping not inferred.
89,45r,,1006162,https://collections.library.yale.edu/manifests/oid/2002046/canvas/1006162,2823,3706,https://collections.library.yale.edu/iiif/2/1006162,https://collections.library.yale.edu/iiif/2/1006162/info.json,https://collections.library.yale.edu/iiif/2/1006162/full/full/0/default.jpg,https://collections.library.yale.edu/catalog/2002046?child_oid=1006162,unresolved,Institutional label retained verbatim; folio mapping not inferred.
90,45v,,1006163,https://collections.library.yale.edu/manifests/oid/2002046/canvas/1006163,2900,3769,https://collections.library.yale.edu/iiif/2/1006163,https://collections.library.yale.edu/iiif/2/1006163/info.json,https://collections.library.yale.edu/iiif/2/1006163/full/full/0/default.jpg,https://collections.library.yale.edu/catalog/2002046?child_oid=1006163,unresolved,Institutional label retained verbatim; folio mapping not inferred.
91,46r,,1006164,https://collections.library.yale.edu/manifests/oid/2002046/canvas/1006164,2865,3719,https://collections.library.yale.edu/iiif/2/1006164,https://collections.library.yale.edu/iiif/2/1006164/info.json,https://collections.library.yale.edu/iiif/2/1006164/full/full/0/default.jpg,https://collections.library.yale.edu/catalog/2002046?child_oid=1006164,unresolved,Institutional label retained verbatim; folio mapping not inferred.
92,46v,,1006165,https://collections.library.yale.edu/manifests/oid/2002046/canvas/1006165,2938,3769,https://collections.library.yale.edu/iiif/2/1006165,https://collections.library.yale.edu/iiif/2/1006165/info.json,https://collections.library.yale.edu/iiif/2/1006165/full/full/0/default.jpg,https://collections.library.yale.edu/catalog/2002046?child_oid=1006165,unresolved,Institutional label retained verbatim; folio mapping not inferred.
93,47r,,1006166,https://collections.library.yale.edu/manifests/oid/2002046/canvas/1006166,2826,3716,https://collections.library.yale.edu/iiif/2/1006166,https://collections.library.yale.edu/iiif/2/1006166/info.json,https://collections.library.yale.edu/iiif/2/1006166/full/full/0/default.jpg,https://collections.library.yale.edu/catalog/2002046?child_oid=1006166,unresolved,Institutional label retained verbatim; folio mapping not inferred.
94,47v,,1006167,https://collections.library.yale.edu/manifests/oid/2002046/canvas/1006167,2932,3769,https://collections.library.yale.edu/iiif/2/1006167,https://collections.library.yale.edu/iiif/2/1006167/info.json,https://collections.library.yale.edu/iiif/2/1006167/full/full/0/default.jpg,https://collections.library.yale.edu/catalog/2002046?child_oid=1006167,unresolved,Institutional label retained verbatim; folio mapping not inferred.
95,48r,,1006168,https://collections.library.yale.edu/manifests/oid/2002046/canvas/1006168,2859,3719,https://collections.library.yale.edu/iiif/2/1006168,https://collections.library.yale.edu/iiif/2/1006168/info.json,https://collections.library.yale.edu/iiif/2/1006168/full/full/0/default.jpg,https://collections.library.yale.edu/catalog/2002046?child_oid=1006168,unresolved,Institutional label retained verbatim; folio mapping not inferred.
96,48v,,1006169,https://collections.library.yale.edu/manifests/oid/2002046/canvas/1006169,2950,3769,https://collections.library.yale.edu/iiif/2/1006169,https://collections.library.yale.edu/iiif/2/1006169/info.json,https://collections.library.yale.edu/iiif/2/1006169/full/full/0/default.jpg,https://collections.library.yale.edu/catalog/2002046?child_oid=1006169,unresolved,Institutional label retained verbatim; folio mapping not inferred.
97,49r,,1006170,https://collections.library.yale.edu/manifests/oid/2002046/canvas/1006170,2837,3762,https://collections.library.yale.edu/iiif/2/1006170,https://collections.library.yale.edu/iiif/2/1006170/info.json,https://collections.library.yale.edu/iiif/2/1006170/full/full/0/default.jpg,https://collections.library.yale.edu/catalog/2002046?child_oid=1006170,unresolved,Institutional label retained verbatim; folio mapping not inferred.
98,49v,,1006171,https://collections.library.yale.edu/manifests/oid/2002046/canvas/1006171,2935,3769,https://collections.library.yale.edu/iiif/2/1006171,https://collections.library.yale.edu/iiif/2/1006171/info.json,https://collections.library.yale.edu/iiif/2/1006171/full/full/0/default.jpg,https://collections.library.yale.edu/catalog/2002046?child_oid=1006171,unresolved,Institutional label retained verbatim; folio mapping not inferred.
99,50r,,1006172,https://collections.library.yale.edu/manifests/oid/2002046/canvas/1006172,2840,3751,https://collections.library.yale.edu/iiif/2/1006172,https://collections.library.yale.edu/iiif/2/1006172/info.json,https://collections.library.yale.edu/iiif/2/1006172/full/full/0/default.jpg,https://collections.library.yale.edu/catalog/2002046?child_oid=1006172,unresolved,Institutional label retained verbatim; folio mapping not inferred.
100,50v,,1006173,https://collections.library.yale.edu/manifests/oid/2002046/canvas/1006173,2942,3769,https://collections.library.yale.edu/iiif/2/1006173,https://collections.library.yale.edu/iiif/2/1006173/info.json,https://collections.library.yale.edu/iiif/2/1006173/full/full/0/default.jpg,https://collections.library.yale.edu/catalog/2002046?child_oid=1006173,unresolved,Institutional label retained verbatim; folio mapping not inferred.
101,51r,,1006174,https://collections.library.yale.edu/manifests/oid/2002046/canvas/1006174,2835,3764,https://collections.library.yale.edu/iiif/2/1006174,https://collections.library.yale.edu/iiif/2/1006174/info.json,https://collections.library.yale.edu/iiif/2/1006174/full/full/0/default.jpg,https://collections.library.yale.edu/catalog/2002046?child_oid=1006174,unresolved,Institutional label retained verbatim; folio mapping not inferred.
102,51v,,1006175,https://collections.library.yale.edu/manifests/oid/2002046/canvas/1006175,2927,3769,https://collections.library.yale.edu/iiif/2/1006175,https://collections.library.yale.edu/iiif/2/1006175/info.json,https://collections.library.yale.edu/iiif/2/1006175/full/full/0/default.jpg,https://collections.library.yale.edu/catalog/2002046?child_oid=1006175,unresolved,Institutional label retained verbatim; folio mapping not inferred.
103,52r,,1006176,https://collections.library.yale.edu/manifests/oid/2002046/canvas/1006176,2826,3757,https://collections.library.yale.edu/iiif/2/1006176,https://collections.library.yale.edu/iiif/2/1006176/info.json,https://collections.library.yale.edu/iiif/2/1006176/full/full/0/default.jpg,https://collections.library.yale.edu/catalog/2002046?child_oid=1006176,unresolved,Institutional label retained verbatim; folio mapping not inferred.
104,52v,,1006177,https://collections.library.yale.edu/manifests/oid/2002046/canvas/1006177,2935,3769,https://collections.library.yale.edu/iiif/2/1006177,https://collections.library.yale.edu/iiif/2/1006177/info.json,https://collections.library.yale.edu/iiif/2/1006177/full/full/0/default.jpg,https://collections.library.yale.edu/catalog/2002046?child_oid=1006177,unresolved,Institutional label retained verbatim; folio mapping not inferred.
105,53r,,1006178,https://collections.library.yale.edu/manifests/oid/2002046/canvas/1006178,2793,3707,https://collections.library.yale.edu/iiif/2/1006178,https://collections.library.yale.edu/iiif/2/1006178/info.json,https://collections.library.yale.edu/iiif/2/1006178/full/full/0/default.jpg,https://collections.library.yale.edu/catalog/2002046?child_oid=1006178,unresolved,Institutional label retained verbatim; folio mapping not inferred.
106,53v,,1006179,https://collections.library.yale.edu/manifests/oid/2002046/canvas/1006179,2940,3769,https://collections.library.yale.edu/iiif/2/1006179,https://collections.library.yale.edu/iiif/2/1006179/info.json,https://collections.library.yale.edu/iiif/2/1006179/full/full/0/default.jpg,https://collections.library.yale.edu/catalog/2002046?child_oid=1006179,unresolved,Institutional label retained verbatim; folio mapping not inferred.
107,54r,,1006180,https://collections.library.yale.edu/manifests/oid/2002046/canvas/1006180,2793,3718,https://collections.library.yale.edu/iiif/2/1006180,https://collections.library.yale.edu/iiif/2/1006180/info.json,https://collections.library.yale.edu/iiif/2/1006180/full/full/0/default.jpg,https://collections.library.yale.edu/catalog/2002046?child_oid=1006180,unresolved,Institutional label retained verbatim; folio mapping not inferred.
108,54v,,1006181,https://collections.library.yale.edu/manifests/oid/2002046/canvas/1006181,2999,3769,https://collections.library.yale.edu/iiif/2/1006181,https://collections.library.yale.edu/iiif/2/1006181/info.json,https://collections.library.yale.edu/iiif/2/1006181/full/full/0/default.jpg,https://collections.library.yale.edu/catalog/2002046?child_oid=1006181,unresolved,Institutional label retained verbatim; folio mapping not inferred.
109,55r,,1006182,https://collections.library.yale.edu/manifests/oid/2002046/canvas/1006182,2793,3738,https://collections.library.yale.edu/iiif/2/1006182,https://collections.library.yale.edu/iiif/2/1006182/info.json,https://collections.library.yale.edu/iiif/2/1006182/full/full/0/default.jpg,https://collections.library.yale.edu/catalog/2002046?child_oid=1006182,unresolved,Institutional label retained verbatim; folio mapping not inferred.
110,55v,,1006183,https://collections.library.yale.edu/manifests/oid/2002046/canvas/1006183,2979,3769,https://collections.library.yale.edu/iiif/2/1006183,https://collections.library.yale.edu/iiif/2/1006183/info.json,https://collections.library.yale.edu/iiif/2/1006183/full/full/0/default.jpg,https://collections.library.yale.edu/catalog/2002046?child_oid=1006183,unresolved,Institutional label retained verbatim; folio mapping not inferred.
111,56r,,1006184,https://collections.library.yale.edu/manifests/oid/2002046/canvas/1006184,2793,3707,https://collections.library.yale.edu/iiif/2/1006184,https://collections.library.yale.edu/iiif/2/1006184/info.json,https://collections.library.yale.edu/iiif/2/1006184/full/full/0/default.jpg,https://collections.library.yale.edu/catalog/2002046?child_oid=1006184,unresolved,Institutional label retained verbatim; folio mapping not inferred.
112,56v,,1006185,https://collections.library.yale.edu/manifests/oid/2002046/canvas/1006185,2979,3769,https://collections.library.yale.edu/iiif/2/1006185,https://collections.library.yale.edu/iiif/2/1006185/info.json,https://collections.library.yale.edu/iiif/2/1006185/full/full/0/default.jpg,https://collections.library.yale.edu/catalog/2002046?child_oid=1006185,unresolved,Institutional label retained verbatim; folio mapping not inferred.
113,57r,,1006186,https://collections.library.yale.edu/manifests/oid/2002046/canvas/1006186,2823,3733,https://collections.library.yale.edu/iiif/2/1006186,https://collections.library.yale.edu/iiif/2/1006186/info.json,https://collections.library.yale.edu/iiif/2/1006186/full/full/0/default.jpg,https://collections.library.yale.edu/catalog/2002046?child_oid=1006186,unresolved,Institutional label retained verbatim; folio mapping not inferred.
114,57v,,1006187,https://collections.library.yale.edu/manifests/oid/2002046/canvas/1006187,3028,3769,https://collections.library.yale.edu/iiif/2/1006187,https://collections.library.yale.edu/iiif/2/1006187/info.json,https://collections.library.yale.edu/iiif/2/1006187/full/full/0/default.jpg,https://collections.library.yale.edu/catalog/2002046?child_oid=1006187,unresolved,Institutional label retained verbatim; folio mapping not inferred.
115,58r,,1006188,https://collections.library.yale.edu/manifests/oid/2002046/canvas/1006188,2793,3749,https://collections.library.yale.edu/iiif/2/1006188,https://collections.library.yale.edu/iiif/2/1006188/info.json,https://collections.library.yale.edu/iiif/2/1006188/full/full/0/default.jpg,https://collections.library.yale.edu/catalog/2002046?child_oid=1006188,unresolved,Institutional label retained verbatim; folio mapping not inferred.
116,58v,,1006189,https://collections.library.yale.edu/manifests/oid/2002046/canvas/1006189,2986,3769,https://collections.library.yale.edu/iiif/2/1006189,https://collections.library.yale.edu/iiif/2/1006189/info.json,https://collections.library.yale.edu/iiif/2/1006189/full/full/0/default.jpg,https://collections.library.yale.edu/catalog/2002046?child_oid=1006189,unresolved,Institutional label retained verbatim; folio mapping not inferred.
117,65r,,1006190,https://collections.library.yale.edu/manifests/oid/2002046/canvas/1006190,2793,3707,https://collections.library.yale.edu/iiif/2/1006190,https://collections.library.yale.edu/iiif/2/1006190/info.json,https://collections.library.yale.edu/iiif/2/1006190/full/full/0/default.jpg,https://collections.library.yale.edu/catalog/2002046?child_oid=1006190,unresolved,Institutional label retained verbatim; folio mapping not inferred.
118,65v,,1006191,https://collections.library.yale.edu/manifests/oid/2002046/canvas/1006191,3010,3769,https://collections.library.yale.edu/iiif/2/1006191,https://collections.library.yale.edu/iiif/2/1006191/info.json,https://collections.library.yale.edu/iiif/2/1006191/full/full/0/default.jpg,https://collections.library.yale.edu/catalog/2002046?child_oid=1006191,unresolved,Institutional label retained verbatim; folio mapping not inferred.
119,66r,,1006192,https://collections.library.yale.edu/manifests/oid/2002046/canvas/1006192,2793,3707,https://collections.library.yale.edu/iiif/2/1006192,https://collections.library.yale.edu/iiif/2/1006192/info.json,https://collections.library.yale.edu/iiif/2/1006192/full/full/0/default.jpg,https://collections.library.yale.edu/catalog/2002046?child_oid=1006192,unresolved,Institutional label retained verbatim; folio mapping not inferred.
120,66v,,1006193,https://collections.library.yale.edu/manifests/oid/2002046/canvas/1006193,2997,3769,https://collections.library.yale.edu/iiif/2/1006193,https://collections.library.yale.edu/iiif/2/1006193/info.json,https://collections.library.yale.edu/iiif/2/1006193/full/full/0/default.jpg,https://collections.library.yale.edu/catalog/2002046?child_oid=1006193,unresolved,Institutional label retained verbatim; folio mapping not inferred.
121,67r,,1006194,https://collections.library.yale.edu/manifests/oid/2002046/canvas/1006194,4972,3738,https://collections.library.yale.edu/iiif/2/1006194,https://collections.library.yale.edu/iiif/2/1006194/info.json,https://collections.library.yale.edu/iiif/2/1006194/full/full/0/default.jpg,https://collections.library.yale.edu/catalog/2002046?child_oid=1006194,unresolved,Institutional label retained verbatim; folio mapping not inferred.
122,67v,,1006195,https://collections.library.yale.edu/manifests/oid/2002046/canvas/1006195,5059,3753,https://collections.library.yale.edu/iiif/2/1006195,https://collections.library.yale.edu/iiif/2/1006195/info.json,https://collections.library.yale.edu/iiif/2/1006195/full/full/0/default.jpg,https://collections.library.yale.edu/catalog/2002046?child_oid=1006195,unresolved,Institutional label retained verbatim; folio mapping not inferred.
123,68r,,1006196,https://collections.library.yale.edu/manifests/oid/2002046/canvas/1006196,7993,3828,https://collections.library.yale.edu/iiif/2/1006196,https://collections.library.yale.edu/iiif/2/1006196/info.json,https://collections.library.yale.edu/iiif/2/1006196/full/full/0/default.jpg,https://collections.library.yale.edu/catalog/2002046?child_oid=1006196,unresolved,Institutional label retained verbatim; folio mapping not inferred.
124,68v,,1006197,https://collections.library.yale.edu/manifests/oid/2002046/canvas/1006197,8135,3843,https://collections.library.yale.edu/iiif/2/1006197,https://collections.library.yale.edu/iiif/2/1006197/info.json,https://collections.library.yale.edu/iiif/2/1006197/full/full/0/default.jpg,https://collections.library.yale.edu/catalog/2002046?child_oid=1006197,unresolved,Institutional label retained verbatim; folio mapping not inferred.
125,69r,,1006198,https://collections.library.yale.edu/manifests/oid/2002046/canvas/1006198,2793,3763,https://collections.library.yale.edu/iiif/2/1006198,https://collections.library.yale.edu/iiif/2/1006198/info.json,https://collections.library.yale.edu/iiif/2/1006198/full/full/0/default.jpg,https://collections.library.yale.edu/catalog/2002046?child_oid=1006198,unresolved,Institutional label retained verbatim; folio mapping not inferred.
126,69v and 70r,,1006199,https://collections.library.yale.edu/manifests/oid/2002046/canvas/1006199,8886,3876,https://collections.library.yale.edu/iiif/2/1006199,https://collections.library.yale.edu/iiif/2/1006199/info.json,https://collections.library.yale.edu/iiif/2/1006199/full/full/0/default.jpg,https://collections.library.yale.edu/catalog/2002046?child_oid=1006199,unresolved,Institutional label retained verbatim; folio mapping not inferred.
127,70v (part),,1006200,https://collections.library.yale.edu/manifests/oid/2002046/canvas/1006200,3945,3772,https://collections.library.yale.edu/iiif/2/1006200,https://collections.library.yale.edu/iiif/2/1006200/info.json,https://collections.library.yale.edu/iiif/2/1006200/full/full/0/default.jpg,https://collections.library.yale.edu/catalog/2002046?child_oid=1006200,unresolved,Institutional label retained verbatim; folio mapping not inferred.
128,70v (part),,1006201,https://collections.library.yale.edu/manifests/oid/2002046/canvas/1006201,2979,3700,https://collections.library.yale.edu/iiif/2/1006201,https://collections.library.yale.edu/iiif/2/1006201/info.json,https://collections.library.yale.edu/iiif/2/1006201/full/full/0/default.jpg,https://collections.library.yale.edu/catalog/2002046?child_oid=1006201,unresolved,Institutional label retained verbatim; folio mapping not inferred.
129,71r,,1006202,https://collections.library.yale.edu/manifests/oid/2002046/canvas/1006202,2793,3762,https://collections.library.yale.edu/iiif/2/1006202,https://collections.library.yale.edu/iiif/2/1006202/info.json,https://collections.library.yale.edu/iiif/2/1006202/full/full/0/default.jpg,https://collections.library.yale.edu/catalog/2002046?child_oid=1006202,unresolved,Institutional label retained verbatim; folio mapping not inferred.
130,71v and 72r,,1006203,https://collections.library.yale.edu/manifests/oid/2002046/canvas/1006203,8865,3018,https://collections.library.yale.edu/iiif/2/1006203,https://collections.library.yale.edu/iiif/2/1006203/info.json,https://collections.library.yale.edu/iiif/2/1006203/full/full/0/default.jpg,https://collections.library.yale.edu/catalog/2002046?child_oid=1006203,unresolved,Institutional label retained verbatim; folio mapping not inferred.
131,72v (part),,1006204,https://collections.library.yale.edu/manifests/oid/2002046/canvas/1006204,5976,3794,https://collections.library.yale.edu/iiif/2/1006204,https://collections.library.yale.edu/iiif/2/1006204/info.json,https://collections.library.yale.edu/iiif/2/1006204/full/full/0/default.jpg,https://collections.library.yale.edu/catalog/2002046?child_oid=1006204,unresolved,Institutional label retained verbatim; folio mapping not inferred.
132,72v (part),,1006205,https://collections.library.yale.edu/manifests/oid/2002046/canvas/1006205,2979,3712,https://collections.library.yale.edu/iiif/2/1006205,https://collections.library.yale.edu/iiif/2/1006205/info.json,https://collections.library.yale.edu/iiif/2/1006205/full/full/0/default.jpg,https://collections.library.yale.edu/catalog/2002046?child_oid=1006205,unresolved,Institutional label retained verbatim; folio mapping not inferred.
133,73r,,1006206,https://collections.library.yale.edu/manifests/oid/2002046/canvas/1006206,2834,3761,https://collections.library.yale.edu/iiif/2/1006206,https://collections.library.yale.edu/iiif/2/1006206/info.json,https://collections.library.yale.edu/iiif/2/1006206/full/full/0/default.jpg,https://collections.library.yale.edu/catalog/2002046?child_oid=1006206,unresolved,Institutional label retained verbatim; folio mapping not inferred.
134,73v,,1006207,https://collections.library.yale.edu/manifests/oid/2002046/canvas/1006207,2979,3724,https://collections.library.yale.edu/iiif/2/1006207,https://collections.library.yale.edu/iiif/2/1006207/info.json,https://collections.library.yale.edu/iiif/2/1006207/full/full/0/default.jpg,https://collections.library.yale.edu/catalog/2002046?child_oid=1006207,unresolved,Institutional label retained verbatim; folio mapping not inferred.
135,75r,,1006208,https://collections.library.yale.edu/manifests/oid/2002046/canvas/1006208,2852,3759,https://collections.library.yale.edu/iiif/2/1006208,https://collections.library.yale.edu/iiif/2/1006208/info.json,https://collections.library.yale.edu/iiif/2/1006208/full/full/0/default.jpg,https://collections.library.yale.edu/catalog/2002046?child_oid=1006208,unresolved,Institutional label retained verbatim; folio mapping not inferred.
136,75v,,1006209,https://collections.library.yale.edu/manifests/oid/2002046/canvas/1006209,2868,3735,https://collections.library.yale.edu/iiif/2/1006209,https://collections.library.yale.edu/iiif/2/1006209/info.json,https://collections.library.yale.edu/iiif/2/1006209/full/full/0/default.jpg,https://collections.library.yale.edu/catalog/2002046?child_oid=1006209,unresolved,Institutional label retained verbatim; folio mapping not inferred.
137,76r,,1006210,https://collections.library.yale.edu/manifests/oid/2002046/canvas/1006210,2793,3769,https://collections.library.yale.edu/iiif/2/1006210,https://collections.library.yale.edu/iiif/2/1006210/info.json,https://collections.library.yale.edu/iiif/2/1006210/full/full/0/default.jpg,https://collections.library.yale.edu/catalog/2002046?child_oid=1006210,unresolved,Institutional label retained verbatim; folio mapping not inferred.
138,76v,,1006211,https://collections.library.yale.edu/manifests/oid/2002046/canvas/1006211,2823,3712,https://collections.library.yale.edu/iiif/2/1006211,https://collections.library.yale.edu/iiif/2/1006211/info.json,https://collections.library.yale.edu/iiif/2/1006211/full/full/0/default.jpg,https://collections.library.yale.edu/catalog/2002046?child_oid=1006211,unresolved,Institutional label retained verbatim; folio mapping not inferred.
139,77r,,1006212,https://collections.library.yale.edu/manifests/oid/2002046/canvas/1006212,2793,3752,https://collections.library.yale.edu/iiif/2/1006212,https://collections.library.yale.edu/iiif/2/1006212/info.json,https://collections.library.yale.edu/iiif/2/1006212/full/full/0/default.jpg,https://collections.library.yale.edu/catalog/2002046?child_oid=1006212,unresolved,Institutional label retained verbatim; folio mapping not inferred.
140,77v,,1006213,https://collections.library.yale.edu/manifests/oid/2002046/canvas/1006213,2861,3697,https://collections.library.yale.edu/iiif/2/1006213,https://collections.library.yale.edu/iiif/2/1006213/info.json,https://collections.library.yale.edu/iiif/2/1006213/full/full/0/default.jpg,https://collections.library.yale.edu/catalog/2002046?child_oid=1006213,unresolved,Institutional label retained verbatim; folio mapping not inferred.
141,78r,,1006214,https://collections.library.yale.edu/manifests/oid/2002046/canvas/1006214,2793,3761,https://collections.library.yale.edu/iiif/2/1006214,https://collections.library.yale.edu/iiif/2/1006214/info.json,https://collections.library.yale.edu/iiif/2/1006214/full/full/0/default.jpg,https://collections.library.yale.edu/catalog/2002046?child_oid=1006214,unresolved,Institutional label retained verbatim; folio mapping not inferred.
142,78v,,1006215,https://collections.library.yale.edu/manifests/oid/2002046/canvas/1006215,2841,3706,https://collections.library.yale.edu/iiif/2/1006215,https://collections.library.yale.edu/iiif/2/1006215/info.json,https://collections.library.yale.edu/iiif/2/1006215/full/full/0/default.jpg,https://collections.library.yale.edu/catalog/2002046?child_oid=1006215,unresolved,Institutional label retained verbatim; folio mapping not inferred.
143,79r,,1006216,https://collections.library.yale.edu/manifests/oid/2002046/canvas/1006216,2784,3755,https://collections.library.yale.edu/iiif/2/1006216,https://collections.library.yale.edu/iiif/2/1006216/info.json,https://collections.library.yale.edu/iiif/2/1006216/full/full/0/default.jpg,https://collections.library.yale.edu/catalog/2002046?child_oid=1006216,unresolved,Institutional label retained verbatim; folio mapping not inferred.
144,79v,,1006217,https://collections.library.yale.edu/manifests/oid/2002046/canvas/1006217,2811,3714,https://collections.library.yale.edu/iiif/2/1006217,https://collections.library.yale.edu/iiif/2/1006217/info.json,https://collections.library.yale.edu/iiif/2/1006217/full/full/0/default.jpg,https://collections.library.yale.edu/catalog/2002046?child_oid=1006217,unresolved,Institutional label retained verbatim; folio mapping not inferred.
145,80r,,1006218,https://collections.library.yale.edu/manifests/oid/2002046/canvas/1006218,2793,3733,https://collections.library.yale.edu/iiif/2/1006218,https://collections.library.yale.edu/iiif/2/1006218/info.json,https://collections.library.yale.edu/iiif/2/1006218/full/full/0/default.jpg,https://collections.library.yale.edu/catalog/2002046?child_oid=1006218,unresolved,Institutional label retained verbatim; folio mapping not inferred.
146,80v,,1006219,https://collections.library.yale.edu/manifests/oid/2002046/canvas/1006219,2837,3712,https://collections.library.yale.edu/iiif/2/1006219,https://collections.library.yale.edu/iiif/2/1006219/info.json,https://collections.library.yale.edu/iiif/2/1006219/full/full/0/default.jpg,https://collections.library.yale.edu/catalog/2002046?child_oid=1006219,unresolved,Institutional label retained verbatim; folio mapping not inferred.
147,81r,,1006220,https://collections.library.yale.edu/manifests/oid/2002046/canvas/1006220,2776,3737,https://collections.library.yale.edu/iiif/2/1006220,https://collections.library.yale.edu/iiif/2/1006220/info.json,https://collections.library.yale.edu/iiif/2/1006220/full/full/0/default.jpg,https://collections.library.yale.edu/catalog/2002046?child_oid=1006220,unresolved,Institutional label retained verbatim; folio mapping not inferred.
148,81v,,1006221,https://collections.library.yale.edu/manifests/oid/2002046/canvas/1006221,2835,3705,https://collections.library.yale.edu/iiif/2/1006221,https://collections.library.yale.edu/iiif/2/1006221/info.json,https://collections.library.yale.edu/iiif/2/1006221/full/full/0/default.jpg,https://collections.library.yale.edu/catalog/2002046?child_oid=1006221,unresolved,Institutional label retained verbatim; folio mapping not inferred.
149,82r,,1006222,https://collections.library.yale.edu/manifests/oid/2002046/canvas/1006222,2753,3745,https://collections.library.yale.edu/iiif/2/1006222,https://collections.library.yale.edu/iiif/2/1006222/info.json,https://collections.library.yale.edu/iiif/2/1006222/full/full/0/default.jpg,https://collections.library.yale.edu/catalog/2002046?child_oid=1006222,unresolved,Institutional label retained verbatim; folio mapping not inferred.
150,82v,,1006223,https://collections.library.yale.edu/manifests/oid/2002046/canvas/1006223,2821,3709,https://collections.library.yale.edu/iiif/2/1006223,https://collections.library.yale.edu/iiif/2/1006223/info.json,https://collections.library.yale.edu/iiif/2/1006223/full/full/0/default.jpg,https://collections.library.yale.edu/catalog/2002046?child_oid=1006223,unresolved,Institutional label retained verbatim; folio mapping not inferred.
151,83r,,1006224,https://collections.library.yale.edu/manifests/oid/2002046/canvas/1006224,2753,3745,https://collections.library.yale.edu/iiif/2/1006224,https://collections.library.yale.edu/iiif/2/1006224/info.json,https://collections.library.yale.edu/iiif/2/1006224/full/full/0/default.jpg,https://collections.library.yale.edu/catalog/2002046?child_oid=1006224,unresolved,Institutional label retained verbatim; folio mapping not inferred.
152,83v,,1006225,https://collections.library.yale.edu/manifests/oid/2002046/canvas/1006225,2858,3693,https://collections.library.yale.edu/iiif/2/1006225,https://collections.library.yale.edu/iiif/2/1006225/info.json,https://collections.library.yale.edu/iiif/2/1006225/full/full/0/default.jpg,https://collections.library.yale.edu/catalog/2002046?child_oid=1006225,unresolved,Institutional label retained verbatim; folio mapping not inferred.
153,84r,,1006226,https://collections.library.yale.edu/manifests/oid/2002046/canvas/1006226,2753,3745,https://collections.library.yale.edu/iiif/2/1006226,https://collections.library.yale.edu/iiif/2/1006226/info.json,https://collections.library.yale.edu/iiif/2/1006226/full/full/0/default.jpg,https://collections.library.yale.edu/catalog/2002046?child_oid=1006226,unresolved,Institutional label retained verbatim; folio mapping not inferred.
154,84v,,1006227,https://collections.library.yale.edu/manifests/oid/2002046/canvas/1006227,2838,3697,https://collections.library.yale.edu/iiif/2/1006227,https://collections.library.yale.edu/iiif/2/1006227/info.json,https://collections.library.yale.edu/iiif/2/1006227/full/full/0/default.jpg,https://collections.library.yale.edu/catalog/2002046?child_oid=1006227,unresolved,Institutional label retained verbatim; folio mapping not inferred.
155,85r (part) (part of 85-86 foldout),,1006228,https://collections.library.yale.edu/manifests/oid/2002046/canvas/1006228,2775,3745,https://collections.library.yale.edu/iiif/2/1006228,https://collections.library.yale.edu/iiif/2/1006228/info.json,https://collections.library.yale.edu/iiif/2/1006228/full/full/0/default.jpg,https://collections.library.yale.edu/catalog/2002046?child_oid=1006228,unresolved,Institutional label retained verbatim; folio mapping not inferred.
156,85r (part) 86v (part) (part of 85-86 foldout),,1006229,https://collections.library.yale.edu/manifests/oid/2002046/canvas/1006229,7754,3890,https://collections.library.yale.edu/iiif/2/1006229,https://collections.library.yale.edu/iiif/2/1006229/info.json,https://collections.library.yale.edu/iiif/2/1006229/full/full/0/default.jpg,https://collections.library.yale.edu/catalog/2002046?child_oid=1006229,unresolved,Institutional label retained verbatim; folio mapping not inferred.
157,86v (part) (part of 85-86 foldout),,1006230,https://collections.library.yale.edu/manifests/oid/2002046/canvas/1006230,4897,3788,https://collections.library.yale.edu/iiif/2/1006230,https://collections.library.yale.edu/iiif/2/1006230/info.json,https://collections.library.yale.edu/iiif/2/1006230/full/full/0/default.jpg,https://collections.library.yale.edu/catalog/2002046?child_oid=1006230,unresolved,Institutional label retained verbatim; folio mapping not inferred.
158,85v and 86r (foldout),,1006231,https://collections.library.yale.edu/manifests/oid/2002046/canvas/1006231,7925,7268,https://collections.library.yale.edu/iiif/2/1006231,https://collections.library.yale.edu/iiif/2/1006231/info.json,https://collections.library.yale.edu/iiif/2/1006231/full/full/0/default.jpg,https://collections.library.yale.edu/catalog/2002046?child_oid=1006231,unresolved,Institutional label retained verbatim; folio mapping not inferred.
159,87r,,1006232,https://collections.library.yale.edu/manifests/oid/2002046/canvas/1006232,2753,3745,https://collections.library.yale.edu/iiif/2/1006232,https://collections.library.yale.edu/iiif/2/1006232/info.json,https://collections.library.yale.edu/iiif/2/1006232/full/full/0/default.jpg,https://collections.library.yale.edu/catalog/2002046?child_oid=1006232,unresolved,Institutional label retained verbatim; folio mapping not inferred.
160,87v,,1043429,https://collections.library.yale.edu/manifests/oid/2002046/canvas/1043429,2893,3697,https://collections.library.yale.edu/iiif/2/1043429,https://collections.library.yale.edu/iiif/2/1043429/info.json,https://collections.library.yale.edu/iiif/2/1043429/full/full/0/default.jpg,https://collections.library.yale.edu/catalog/2002046?child_oid=1043429,unresolved,Institutional label retained verbatim; folio mapping not inferred.
161,88r,,1037112,https://collections.library.yale.edu/manifests/oid/2002046/canvas/1037112,2714,3735,https://collections.library.yale.edu/iiif/2/1037112,https://collections.library.yale.edu/iiif/2/1037112/info.json,https://collections.library.yale.edu/iiif/2/1037112/full/full/0/default.jpg,https://collections.library.yale.edu/catalog/2002046?child_oid=1037112,unresolved,Institutional label retained verbatim; folio mapping not inferred.
162,88v and 89r,,1006233,https://collections.library.yale.edu/manifests/oid/2002046/canvas/1006233,9078,3777,https://collections.library.yale.edu/iiif/2/1006233,https://collections.library.yale.edu/iiif/2/1006233/info.json,https://collections.library.yale.edu/iiif/2/1006233/full/full/0/default.jpg,https://collections.library.yale.edu/catalog/2002046?child_oid=1006233,unresolved,Institutional label retained verbatim; folio mapping not inferred.
163,89v (part),,1006234,https://collections.library.yale.edu/manifests/oid/2002046/canvas/1006234,4204,3809,https://collections.library.yale.edu/iiif/2/1006234,https://collections.library.yale.edu/iiif/2/1006234/info.json,https://collections.library.yale.edu/iiif/2/1006234/full/full/0/default.jpg,https://collections.library.yale.edu/catalog/2002046?child_oid=1006234,unresolved,Institutional label retained verbatim; folio mapping not inferred.
164,89v (part) and 90r,,1006235,https://collections.library.yale.edu/manifests/oid/2002046/canvas/1006235,7796,3761,https://collections.library.yale.edu/iiif/2/1006235,https://collections.library.yale.edu/iiif/2/1006235/info.json,https://collections.library.yale.edu/iiif/2/1006235/full/full/0/default.jpg,https://collections.library.yale.edu/catalog/2002046?child_oid=1006235,unresolved,Institutional label retained verbatim; folio mapping not inferred.
165,90r,,1006236,https://collections.library.yale.edu/manifests/oid/2002046/canvas/1006236,2737,3752,https://collections.library.yale.edu/iiif/2/1006236,https://collections.library.yale.edu/iiif/2/1006236/info.json,https://collections.library.yale.edu/iiif/2/1006236/full/full/0/default.jpg,https://collections.library.yale.edu/catalog/2002046?child_oid=1006236,unresolved,Institutional label retained verbatim; folio mapping not inferred.
166,90v (part),,1006237,https://collections.library.yale.edu/manifests/oid/2002046/canvas/1006237,2838,3697,https://collections.library.yale.edu/iiif/2/1006237,https://collections.library.yale.edu/iiif/2/1006237/info.json,https://collections.library.yale.edu/iiif/2/1006237/full/full/0/default.jpg,https://collections.library.yale.edu/catalog/2002046?child_oid=1006237,unresolved,Institutional label retained verbatim; folio mapping not inferred.
167,93r,,1006238,https://collections.library.yale.edu/manifests/oid/2002046/canvas/1006238,2718,3758,https://collections.library.yale.edu/iiif/2/1006238,https://collections.library.yale.edu/iiif/2/1006238/info.json,https://collections.library.yale.edu/iiif/2/1006238/full/full/0/default.jpg,https://collections.library.yale.edu/catalog/2002046?child_oid=1006238,unresolved,Institutional label retained verbatim; folio mapping not inferred.
168,93v,,1006239,https://collections.library.yale.edu/manifests/oid/2002046/canvas/1006239,2838,3697,https://collections.library.yale.edu/iiif/2/1006239,https://collections.library.yale.edu/iiif/2/1006239/info.json,https://collections.library.yale.edu/iiif/2/1006239/full/full/0/default.jpg,https://collections.library.yale.edu/catalog/2002046?child_oid=1006239,unresolved,Institutional label retained verbatim; folio mapping not inferred.
169,94r,,1006240,https://collections.library.yale.edu/manifests/oid/2002046/canvas/1006240,2728,3754,https://collections.library.yale.edu/iiif/2/1006240,https://collections.library.yale.edu/iiif/2/1006240/info.json,https://collections.library.yale.edu/iiif/2/1006240/full/full/0/default.jpg,https://collections.library.yale.edu/catalog/2002046?child_oid=1006240,unresolved,Institutional label retained verbatim; folio mapping not inferred.
170,94v and 95r,,1006241,https://collections.library.yale.edu/manifests/oid/2002046/canvas/1006241,7642,3801,https://collections.library.yale.edu/iiif/2/1006241,https://collections.library.yale.edu/iiif/2/1006241/info.json,https://collections.library.yale.edu/iiif/2/1006241/full/full/0/default.jpg,https://collections.library.yale.edu/catalog/2002046?child_oid=1006241,unresolved,Institutional label retained verbatim; folio mapping not inferred.
171,95v (part),,1006242,https://collections.library.yale.edu/manifests/oid/2002046/canvas/1006242,2731,3750,https://collections.library.yale.edu/iiif/2/1006242,https://collections.library.yale.edu/iiif/2/1006242/info.json,https://collections.library.yale.edu/iiif/2/1006242/full/full/0/default.jpg,https://collections.library.yale.edu/catalog/2002046?child_oid=1006242,unresolved,Institutional label retained verbatim; folio mapping not inferred.
172,95v,,1006243,https://collections.library.yale.edu/manifests/oid/2002046/canvas/1006243,2838,3697,https://collections.library.yale.edu/iiif/2/1006243,https://collections.library.yale.edu/iiif/2/1006243/info.json,https://collections.library.yale.edu/iiif/2/1006243/full/full/0/default.jpg,https://collections.library.yale.edu/catalog/2002046?child_oid=1006243,unresolved,Institutional label retained verbatim; folio mapping not inferred.
173,96r,,1006244,https://collections.library.yale.edu/manifests/oid/2002046/canvas/1006244,2699,3745,https://collections.library.yale.edu/iiif/2/1006244,https://collections.library.yale.edu/iiif/2/1006244/info.json,https://collections.library.yale.edu/iiif/2/1006244/full/full/0/default.jpg,https://collections.library.yale.edu/catalog/2002046?child_oid=1006244,unresolved,Institutional label retained verbatim; folio mapping not inferred.
174,96v,,1006245,https://collections.library.yale.edu/manifests/oid/2002046/canvas/1006245,2858,3697,https://collections.library.yale.edu/iiif/2/1006245,https://collections.library.yale.edu/iiif/2/1006245/info.json,https://collections.library.yale.edu/iiif/2/1006245/full/full/0/default.jpg,https://collections.library.yale.edu/catalog/2002046?child_oid=1006245,unresolved,Institutional label retained verbatim; folio mapping not inferred.
175,99r,,1006246,https://collections.library.yale.edu/manifests/oid/2002046/canvas/1006246,2702,3765,https://collections.library.yale.edu/iiif/2/1006246,https://collections.library.yale.edu/iiif/2/1006246/info.json,https://collections.library.yale.edu/iiif/2/1006246/full/full/0/default.jpg,https://collections.library.yale.edu/catalog/2002046?child_oid=1006246,unresolved,Institutional label retained verbatim; folio mapping not inferred.
176,99v,,1006247,https://collections.library.yale.edu/manifests/oid/2002046/canvas/1006247,2802,3697,https://collections.library.yale.edu/iiif/2/1006247,https://collections.library.yale.edu/iiif/2/1006247/info.json,https://collections.library.yale.edu/iiif/2/1006247/full/full/0/default.jpg,https://collections.library.yale.edu/catalog/2002046?child_oid=1006247,unresolved,Institutional label retained verbatim; folio mapping not inferred.
177,100r,,1006248,https://collections.library.yale.edu/manifests/oid/2002046/canvas/1006248,2676,3756,https://collections.library.yale.edu/iiif/2/1006248,https://collections.library.yale.edu/iiif/2/1006248/info.json,https://collections.library.yale.edu/iiif/2/1006248/full/full/0/default.jpg,https://collections.library.yale.edu/catalog/2002046?child_oid=1006248,unresolved,Institutional label retained verbatim; folio mapping not inferred.
178,100v and 101r,,1006249,https://collections.library.yale.edu/manifests/oid/2002046/canvas/1006249,7486,3715,https://collections.library.yale.edu/iiif/2/1006249,https://collections.library.yale.edu/iiif/2/1006249/info.json,https://collections.library.yale.edu/iiif/2/1006249/full/full/0/default.jpg,https://collections.library.yale.edu/catalog/2002046?child_oid=1006249,unresolved,Institutional label retained verbatim; folio mapping not inferred.
179,101v (part),,1006250,https://collections.library.yale.edu/manifests/oid/2002046/canvas/1006250,2698,3779,https://collections.library.yale.edu/iiif/2/1006250,https://collections.library.yale.edu/iiif/2/1006250/info.json,https://collections.library.yale.edu/iiif/2/1006250/full/full/0/default.jpg,https://collections.library.yale.edu/catalog/2002046?child_oid=1006250,unresolved,Institutional label retained verbatim; folio mapping not inferred.
180,101v (part) and 102r,,1006251,https://collections.library.yale.edu/manifests/oid/2002046/canvas/1006251,8176,3864,https://collections.library.yale.edu/iiif/2/1006251,https://collections.library.yale.edu/iiif/2/1006251/info.json,https://collections.library.yale.edu/iiif/2/1006251/full/full/0/default.jpg,https://collections.library.yale.edu/catalog/2002046?child_oid=1006251,unresolved,Institutional label retained verbatim; folio mapping not inferred.
181,102v (part),,1006252,https://collections.library.yale.edu/manifests/oid/2002046/canvas/1006252,2981,3795,https://collections.library.yale.edu/iiif/2/1006252,https://collections.library.yale.edu/iiif/2/1006252/info.json,https://collections.library.yale.edu/iiif/2/1006252/full/full/0/default.jpg,https://collections.library.yale.edu/catalog/2002046?child_oid=1006252,unresolved,Institutional label retained verbatim; folio mapping not inferred.
182,102v (part),,1006253,https://collections.library.yale.edu/manifests/oid/2002046/canvas/1006253,2838,3697,https://collections.library.yale.edu/iiif/2/1006253,https://collections.library.yale.edu/iiif/2/1006253/info.json,https://collections.library.yale.edu/iiif/2/1006253/full/full/0/default.jpg,https://collections.library.yale.edu/catalog/2002046?child_oid=1006253,unresolved,Institutional label retained verbatim; folio mapping not inferred.
183,103r,,1006254,https://collections.library.yale.edu/manifests/oid/2002046/canvas/1006254,2688,3805,https://collections.library.yale.edu/iiif/2/1006254,https://collections.library.yale.edu/iiif/2/1006254/info.json,https://collections.library.yale.edu/iiif/2/1006254/full/full/0/default.jpg,https://collections.library.yale.edu/catalog/2002046?child_oid=1006254,unresolved,Institutional label retained verbatim; folio mapping not inferred.
184,103v,,1006255,https://collections.library.yale.edu/manifests/oid/2002046/canvas/1006255,2762,3697,https://collections.library.yale.edu/iiif/2/1006255,https://collections.library.yale.edu/iiif/2/1006255/info.json,https://collections.library.yale.edu/iiif/2/1006255/full/full/0/default.jpg,https://collections.library.yale.edu/catalog/2002046?child_oid=1006255,unresolved,Institutional label retained verbatim; folio mapping not inferred.
185,104r,,1006256,https://collections.library.yale.edu/manifests/oid/2002046/canvas/1006256,2677,3811,https://collections.library.yale.edu/iiif/2/1006256,https://collections.library.yale.edu/iiif/2/1006256/info.json,https://collections.library.yale.edu/iiif/2/1006256/full/full/0/default.jpg,https://collections.library.yale.edu/catalog/2002046?child_oid=1006256,unresolved,Institutional label retained verbatim; folio mapping not inferred.
186,104v,,1006257,https://collections.library.yale.edu/manifests/oid/2002046/canvas/1006257,2744,3704,https://collections.library.yale.edu/iiif/2/1006257,https://collections.library.yale.edu/iiif/2/1006257/info.json,https://collections.library.yale.edu/iiif/2/1006257/full/full/0/default.jpg,https://collections.library.yale.edu/catalog/2002046?child_oid=1006257,unresolved,Institutional label retained verbatim; folio mapping not inferred.
187,105r,,1006258,https://collections.library.yale.edu/manifests/oid/2002046/canvas/1006258,2662,3771,https://collections.library.yale.edu/iiif/2/1006258,https://collections.library.yale.edu/iiif/2/1006258/info.json,https://collections.library.yale.edu/iiif/2/1006258/full/full/0/default.jpg,https://collections.library.yale.edu/catalog/2002046?child_oid=1006258,unresolved,Institutional label retained verbatim; folio mapping not inferred.
188,105v,,1006259,https://collections.library.yale.edu/manifests/oid/2002046/canvas/1006259,2663,3701,https://collections.library.yale.edu/iiif/2/1006259,https://collections.library.yale.edu/iiif/2/1006259/info.json,https://collections.library.yale.edu/iiif/2/1006259/full/full/0/default.jpg,https://collections.library.yale.edu/catalog/2002046?child_oid=1006259,unresolved,Institutional label retained verbatim; folio mapping not inferred.
189,106r,,1006260,https://collections.library.yale.edu/manifests/oid/2002046/canvas/1006260,2635,3787,https://collections.library.yale.edu/iiif/2/1006260,https://collections.library.yale.edu/iiif/2/1006260/info.json,https://collections.library.yale.edu/iiif/2/1006260/full/full/0/default.jpg,https://collections.library.yale.edu/catalog/2002046?child_oid=1006260,unresolved,Institutional label retained verbatim; folio mapping not inferred.
190,106v,,1006261,https://collections.library.yale.edu/manifests/oid/2002046/canvas/1006261,2670,3697,https://collections.library.yale.edu/iiif/2/1006261,https://collections.library.yale.edu/iiif/2/1006261/info.json,https://collections.library.yale.edu/iiif/2/1006261/full/full/0/default.jpg,https://collections.library.yale.edu/catalog/2002046?child_oid=1006261,unresolved,Institutional label retained verbatim; folio mapping not inferred.
191,107r,,1006262,https://collections.library.yale.edu/manifests/oid/2002046/canvas/1006262,2641,3787,https://collections.library.yale.edu/iiif/2/1006262,https://collections.library.yale.edu/iiif/2/1006262/info.json,https://collections.library.yale.edu/iiif/2/1006262/full/full/0/default.jpg,https://collections.library.yale.edu/catalog/2002046?child_oid=1006262,unresolved,Institutional label retained verbatim; folio mapping not inferred.
192,107v,,1006263,https://collections.library.yale.edu/manifests/oid/2002046/canvas/1006263,2689,3697,https://collections.library.yale.edu/iiif/2/1006263,https://collections.library.yale.edu/iiif/2/1006263/info.json,https://collections.library.yale.edu/iiif/2/1006263/full/full/0/default.jpg,https://collections.library.yale.edu/catalog/2002046?child_oid=1006263,unresolved,Institutional label retained verbatim; folio mapping not inferred.
193,108r,,1006264,https://collections.library.yale.edu/manifests/oid/2002046/canvas/1006264,2641,3787,https://collections.library.yale.edu/iiif/2/1006264,https://collections.library.yale.edu/iiif/2/1006264/info.json,https://collections.library.yale.edu/iiif/2/1006264/full/full/0/default.jpg,https://collections.library.yale.edu/catalog/2002046?child_oid=1006264,unresolved,Institutional label retained verbatim; folio mapping not inferred.
194,108v,,1006265,https://collections.library.yale.edu/manifests/oid/2002046/canvas/1006265,2649,3706,https://collections.library.yale.edu/iiif/2/1006265,https://collections.library.yale.edu/iiif/2/1006265/info.json,https://collections.library.yale.edu/iiif/2/1006265/full/full/0/default.jpg,https://collections.library.yale.edu/catalog/2002046?child_oid=1006265,unresolved,Institutional label retained verbatim; folio mapping not inferred.
195,111r,,1006266,https://collections.library.yale.edu/manifests/oid/2002046/canvas/1006266,2622,3783,https://collections.library.yale.edu/iiif/2/1006266,https://collections.library.yale.edu/iiif/2/1006266/info.json,https://collections.library.yale.edu/iiif/2/1006266/full/full/0/default.jpg,https://collections.library.yale.edu/catalog/2002046?child_oid=1006266,unresolved,Institutional label retained verbatim; folio mapping not inferred.
196,111v,,1006267,https://collections.library.yale.edu/manifests/oid/2002046/canvas/1006267,2666,3697,https://collections.library.yale.edu/iiif/2/1006267,https://collections.library.yale.edu/iiif/2/1006267/info.json,https://collections.library.yale.edu/iiif/2/1006267/full/full/0/default.jpg,https://collections.library.yale.edu/catalog/2002046?child_oid=1006267,unresolved,Institutional label retained verbatim; folio mapping not inferred.
197,112r,,1006268,https://collections.library.yale.edu/manifests/oid/2002046/canvas/1006268,2602,3787,https://collections.library.yale.edu/iiif/2/1006268,https://collections.library.yale.edu/iiif/2/1006268/info.json,https://collections.library.yale.edu/iiif/2/1006268/full/full/0/default.jpg,https://collections.library.yale.edu/catalog/2002046?child_oid=1006268,unresolved,Institutional label retained verbatim; folio mapping not inferred.
198,112v,,1006269,https://collections.library.yale.edu/manifests/oid/2002046/canvas/1006269,2664,3697,https://collections.library.yale.edu/iiif/2/1006269,https://collections.library.yale.edu/iiif/2/1006269/info.json,https://collections.library.yale.edu/iiif/2/1006269/full/full/0/default.jpg,https://collections.library.yale.edu/catalog/2002046?child_oid=1006269,unresolved,Institutional label retained verbatim; folio mapping not inferred.
199,113r,,1006270,https://collections.library.yale.edu/manifests/oid/2002046/canvas/1006270,2582,3787,https://collections.library.yale.edu/iiif/2/1006270,https://collections.library.yale.edu/iiif/2/1006270/info.json,https://collections.library.yale.edu/iiif/2/1006270/full/full/0/default.jpg,https://collections.library.yale.edu/catalog/2002046?child_oid=1006270,unresolved,Institutional label retained verbatim; folio mapping not inferred.
200,113v,,1006271,https://collections.library.yale.edu/manifests/oid/2002046/canvas/1006271,2666,3697,https://collections.library.yale.edu/iiif/2/1006271,https://collections.library.yale.edu/iiif/2/1006271/info.json,https://collections.library.yale.edu/iiif/2/1006271/full/full/0/default.jpg,https://collections.library.yale.edu/catalog/2002046?child_oid=1006271,unresolved,Institutional label retained verbatim; folio mapping not inferred.
201,114r,,1006272,https://collections.library.yale.edu/manifests/oid/2002046/canvas/1006272,2599,3787,https://collections.library.yale.edu/iiif/2/1006272,https://collections.library.yale.edu/iiif/2/1006272/info.json,https://collections.library.yale.edu/iiif/2/1006272/full/full/0/default.jpg,https://collections.library.yale.edu/catalog/2002046?child_oid=1006272,unresolved,Institutional label retained verbatim; folio mapping not inferred.
202,114v,,1006273,https://collections.library.yale.edu/manifests/oid/2002046/canvas/1006273,2671,3697,https://collections.library.yale.edu/iiif/2/1006273,https://collections.library.yale.edu/iiif/2/1006273/info.json,https://collections.library.yale.edu/iiif/2/1006273/full/full/0/default.jpg,https://collections.library.yale.edu/catalog/2002046?child_oid=1006273,unresolved,Institutional label retained verbatim; folio mapping not inferred.
203,115r,,1006274,https://collections.library.yale.edu/manifests/oid/2002046/canvas/1006274,2584,3786,https://collections.library.yale.edu/iiif/2/1006274,https://collections.library.yale.edu/iiif/2/1006274/info.json,https://collections.library.yale.edu/iiif/2/1006274/full/full/0/default.jpg,https://collections.library.yale.edu/catalog/2002046?child_oid=1006274,unresolved,Institutional label retained verbatim; folio mapping not inferred.
204,115v,,1006275,https://collections.library.yale.edu/manifests/oid/2002046/canvas/1006275,2676,3697,https://collections.library.yale.edu/iiif/2/1006275,https://collections.library.yale.edu/iiif/2/1006275/info.json,https://collections.library.yale.edu/iiif/2/1006275/full/full/0/default.jpg,https://collections.library.yale.edu/catalog/2002046?child_oid=1006275,unresolved,Institutional label retained verbatim; folio mapping not inferred.
205,116r,,1006276,https://collections.library.yale.edu/manifests/oid/2002046/canvas/1006276,2559,3787,https://collections.library.yale.edu/iiif/2/1006276,https://collections.library.yale.edu/iiif/2/1006276/info.json,https://collections.library.yale.edu/iiif/2/1006276/full/full/0/default.jpg,https://collections.library.yale.edu/catalog/2002046?child_oid=1006276,unresolved,Institutional label retained verbatim; folio mapping not inferred.
206,116v,,1006277,https://collections.library.yale.edu/manifests/oid/2002046/canvas/1006277,2686,3697,https://collections.library.yale.edu/iiif/2/1006277,https://collections.library.yale.edu/iiif/2/1006277/info.json,https://collections.library.yale.edu/iiif/2/1006277/full/full/0/default.jpg,https://collections.library.yale.edu/catalog/2002046?child_oid=1006277,unresolved,Institutional label retained verbatim; folio mapping not inferred.
207,[Back flyleaf recto],,1037113,https://collections.library.yale.edu/manifests/oid/2002046/canvas/1037113,2570,3787,https://collections.library.yale.edu/iiif/2/1037113,https://collections.library.yale.edu/iiif/2/1037113/info.json,https://collections.library.yale.edu/iiif/2/1037113/full/full/0/default.jpg,https://collections.library.yale.edu/catalog/2002046?child_oid=1037113,unresolved,Institutional label retained verbatim; folio mapping not inferred.
208,[Back flyleaf verso-inside back cover],,1006278,https://collections.library.yale.edu/manifests/oid/2002046/canvas/1006278,5342,3822,https://collections.library.yale.edu/iiif/2/1006278,https://collections.library.yale.edu/iiif/2/1006278/info.json,https://collections.library.yale.edu/iiif/2/1006278/full/full/0/default.jpg,https://collections.library.yale.edu/catalog/2002046?child_oid=1006278,unresolved,Institutional label retained verbatim; folio mapping not inferred.
209,[Head],,11868207,https://collections.library.yale.edu/manifests/oid/2002046/canvas/11868207,2829,1221,https://collections.library.yale.edu/iiif/2/11868207,https://collections.library.yale.edu/iiif/2/11868207/info.json,https://collections.library.yale.edu/iiif/2/11868207/full/full/0/default.jpg,https://collections.library.yale.edu/catalog/2002046?child_oid=11868207,unresolved,Institutional label retained verbatim; folio mapping not inferred.
210,[Tail],,11868208,https://collections.library.yale.edu/manifests/oid/2002046/canvas/11868208,2875,1237,https://collections.library.yale.edu/iiif/2/11868208,https://collections.library.yale.edu/iiif/2/11868208/info.json,https://collections.library.yale.edu/iiif/2/11868208/full/full/0/default.jpg,https://collections.library.yale.edu/catalog/2002046?child_oid=11868208,unresolved,Institutional label retained verbatim; folio mapping not inferred.
211,[Fore-edge],,11868209,https://collections.library.yale.edu/manifests/oid/2002046/canvas/11868209,1255,3838,https://collections.library.yale.edu/iiif/2/11868209,https://collections.library.yale.edu/iiif/2/11868209/info.json,https://collections.library.yale.edu/iiif/2/11868209/full/full/0/default.jpg,https://collections.library.yale.edu/catalog/2002046?child_oid=11868209,unresolved,Institutional label retained verbatim; folio mapping not inferred.
212,[Spine],,11868210,https://collections.library.yale.edu/manifests/oid/2002046/canvas/11868210,1030,3833,https://collections.library.yale.edu/iiif/2/11868210,https://collections.library.yale.edu/iiif/2/11868210/info.json,https://collections.library.yale.edu/iiif/2/11868210/full/full/0/default.jpg,https://collections.library.yale.edu/catalog/2002046?child_oid=11868210,unresolved,Institutional label retained verbatim; folio mapping not inferred.
213,[Back cover],,1006279,https://collections.library.yale.edu/manifests/oid/2002046/canvas/1006279,2889,3861,https://collections.library.yale.edu/iiif/2/1006279,https://collections.library.yale.edu/iiif/2/1006279/info.json,https://collections.library.yale.edu/iiif/2/1006279/full/full/0/default.jpg,https://collections.library.yale.edu/catalog/2002046?child_oid=1006279,unresolved,Institutional label retained verbatim; folio mapping not inferred.
